{
  "timestamp": "2025-10-17 05:19:33",
  "metrics": {
    "basic_metrics": {
      "mse": 0.10547731071710587,
      "mae": 0.26929971575737,
      "rmse": 0.32477270623792553,
      "r2_score": -1.3819751739501953
    },
    "detailed_metrics": {
      "correlation": -0.32836851050400445,
      "max_error": 0.6138476133346558,
      "min_error": 0.01242607831954956,
      "std_error": 0.1815350502729416
    },
    "percentile_errors": {
      "p25": 0.09226267039775848,
      "p50_median": 0.29977303743362427,
      "p75": 0.38709118962287903,
      "p90": 0.4388808310031891,
      "p95": 0.5263643264770508
    },
    "performance": {
      "inference_time_ms": 0.3673076629638672,
      "throughput_samples_per_sec": 2722.5133065039595
    }
  },
  "model_info": {
    "parameters": 173441,
    "device": "cpu"
  }
}